{"NumModels": 1, "ModelIndexes": {"0": "mypipeline_rank_4"}, "ModelDescriptions": [{"Name": "mypipeline_rank_4", "ClassMaps": {"1": "Horizontal", "2": "Stationary", "3": "Vertical", "0": "Unknown"}, "ModelType": "Decision Tree Ensemble", "FeatureNames": ["GyroscopeYAbsAreaDc", "GyroscopeZThresholdCrossingRate", "AccelerometerYPowerSpec_000000"], "FeatureFunctions": ["Absolute Area of Low Frequency", "Threshold Crossing Rate", "Power Spectrum"], "knowledgepack_summary": [{"name": "Windowing", "type": "segmenter", "inputs": {"delta": 200, "input_data": "temp.raw", "train_delta": 0, "window_size": 200, "group_columns": ["segment_uuid", "Label"], "return_segment_index": false}, "outputs": ["temp.Windowing0"]}, {"name": "Strip", "type": "transform", "inputs": {"type": "mean", "input_data": "temp.Windowing0", "group_columns": ["segment_uuid", "Label", "SegmentID"], "input_columns": ["GyroscopeX", "GyroscopeY", "GyroscopeZ", "AccelerometerX", "AccelerometerY", "AccelerometerZ"]}, "outputs": ["temp.Strip0"]}, {"set": [{"family": null, "inputs": {"columns": ["GyroscopeY"], "sample_rate": 100, "smoothing_factor": 5}, "outputs": [0], "function_name": "Absolute Area of Low Frequency"}, {"family": null, "inputs": {"columns": ["GyroscopeZ"], "threshold": 0}, "outputs": [0], "function_name": "Threshold Crossing Rate"}, {"family": true, "inputs": {"columns": ["AccelerometerY"], "window_type": "hanning", "number_of_bins": 16}, "outputs": [0], "function_name": "Power Spectrum"}], "name": "generator_set", "type": "generatorset", "inputs": {"input_data": "temp.Strip0", "group_columns": ["segment_uuid", "Label", "SegmentID"]}, "outputs": ["temp.generator_set0", "temp.features.generator_set0"]}, {"name": "Min Max Scale", "type": "transform", "inputs": {"pad": 0, "max_bound": 255, "min_bound": 0, "input_data": "temp.generator_set0", "passthrough_columns": ["segment_uuid", "Label", "SegmentID"], "feature_min_max_defaults": null, "feature_min_max_parameters": {"maximums": {"gen_0037_GyroscopeXStd": 7.3932366, "gen_0038_GyroscopeYStd": 14.356459, "gen_0039_GyroscopeZStd": 153.0904, "gen_0161_GyroscopeXIQR": 7.25, "gen_0162_GyroscopeYIQR": 24.0, "gen_0163_GyroscopeZIQR": 283.25, "gen_0191_GyroscopeXSum": -3.0, "gen_0192_GyroscopeYSum": 128.0, "gen_0193_GyroscopeZSum": 185.0, "gen_0227_GyroscopeXP2P": 100.0, "gen_0228_GyroscopeYP2P": 78.0, "gen_0229_GyroscopeZP2P": 657.0, "gen_0077_CCMeanCrossing": 0.585, "gen_0078_CCMeanCrossing": 0.575, "gen_0079_CCMeanCrossing": 0.61, "gen_0080_CCMeanCrossing": 0.56, "gen_0081_CCMeanCrossing": 0.655, "gen_0082_CCMeanCrossing": 0.575, "gen_0083_CCMeanCrossing": 0.61, "gen_0084_CCMeanCrossing": 0.56, "gen_0085_CCMeanCrossing": 0.655, "gen_0086_CCMeanCrossing": 0.61, "gen_0087_CCMeanCrossing": 0.56, "gen_0088_CCMeanCrossing": 0.655, "gen_0089_CCMeanCrossing": 0.56, "gen_0090_CCMeanCrossing": 0.655, "gen_0091_CCMeanCrossing": 0.655, "gen_0107_GyroscopeXMean": -0.015, "gen_0108_GyroscopeYMean": 0.64, "gen_0109_GyroscopeZMean": 0.925, "gen_0149_GyroscopeXSkew": 4.2249393, "gen_0150_GyroscopeYSkew": 2.1425798, "gen_0151_GyroscopeZSkew": 1.1977762, "gen_0325_GXGY_cross_corr": 0.5326633165829145, "gen_0326_GXGZ_cross_corr": 0.5175879396984925, "gen_0327_GXAX_cross_corr": 0.5376884422110553, "gen_0328_GXAY_cross_corr": 0.5276381909547738, "gen_0329_GXAZ_cross_corr": 0.5728643216080402, "gen_0330_GYGZ_cross_corr": 0.5025125628140703, "gen_0331_GYAX_cross_corr": 0.5527638190954773, "gen_0332_GYAY_cross_corr": 0.5376884422110553, "gen_0333_GYAZ_cross_corr": 0.5577889447236181, "gen_0334_GZAX_cross_corr": 0.507537688442211, "gen_0335_GZAY_cross_corr": 0.5477386934673367, "gen_0336_GZAZ_cross_corr": 0.5527638190954773, "gen_0337_AXAY_cross_corr": 0.5879396984924623, "gen_0338_AXAZ_cross_corr": 0.5979899497487438, "gen_0339_AYAZ_cross_corr": 0.5226130653266332, "gen_0137_GyroscopeXMedian": 0.0, "gen_0138_GyroscopeYMedian": 2.0, "gen_0139_GyroscopeZMedian": 45.0, "gen_0197_GyroscopeXAbsSum": 988.0, "gen_0198_GyroscopeYAbsSum": 2476.0, "gen_0199_GyroscopeZAbsSum": 27524.0, "gen_0040_AccelerometerXStd": 511.7412, "gen_0041_AccelerometerYStd": 533.18085, "gen_0042_AccelerometerZStd": 173.34494, "gen_0164_AccelerometerXIQR": 727.5, "gen_0165_AccelerometerYIQR": 885.5, "gen_0166_AccelerometerZIQR": 119.5, "gen_0179_GyroscopeXminimum": -5.0, "gen_0180_GyroscopeYminimum": -4.0, "gen_0181_GyroscopeZminimum": -4.0, "gen_0185_GyroscopeXmaximum": 69.0, "gen_0186_GyroscopeYmaximum": 55.0, "gen_0187_GyroscopeZmaximum": 440.0, "gen_0194_AccelerometerXSum": -11.0, "gen_0195_AccelerometerYSum": -2.0, "gen_0196_AccelerometerZSum": -4.0, "gen_0203_GyroscopeXAbsMean": 4.94, "gen_0204_GyroscopeYAbsMean": 12.38, "gen_0205_GyroscopeZAbsMean": 137.62, "gen_0230_AccelerometerXP2P": 2532.0, "gen_0231_AccelerometerYP2P": 2449.0, "gen_0232_AccelerometerZP2P": 2343.0, "gen_0275_GyroscopeXDomFreq": 127.5, "gen_0276_GyroscopeYDomFreq": 126.5, "gen_0277_GyroscopeZDomFreq": 13.0, "gen_0370_GyroscopeXTotArea": -0.03, "gen_0371_GyroscopeYTotArea": 1.28, "gen_0372_GyroscopeZTotArea": 1.8499999, "gen_0376_GyroscopeXAbsArea": 9.880009, "gen_0377_GyroscopeYAbsArea": 24.760004, "gen_0378_GyroscopeZAbsArea": 275.24005, "gen_0049_GyroscopeXVariance": 54.934593, "gen_0050_GyroscopeYVariance": 207.14363, "gen_0051_GyroscopeZVariance": 23554.453, "gen_0110_AccelerometerXMean": -0.055, "gen_0111_AccelerometerYMean": -0.01, "gen_0112_AccelerometerZMean": -0.02, "gen_0152_AccelerometerXSkew": 0.76358986, "gen_0153_AccelerometerYSkew": 0.75164425, "gen_0154_AccelerometerZSkew": 8.237394, "gen_0155_GyroscopeXKurtosis": 45.42543, "gen_0156_GyroscopeYKurtosis": 18.324728, "gen_0157_GyroscopeZKurtosis": 1.6263361, "gen_0281_GyroscopeXSpecEntr": 2.177759, "gen_0282_GyroscopeYSpecEntr": 2.196113, "gen_0283_GyroscopeZSpecEntr": 2.15598, "gen_0001_GyroscopeXTotAreaDc": 2.2781818, "gen_0002_GyroscopeYTotAreaDc": 2.4327273, "gen_0003_GyroscopeZTotAreaDc": 15.200909, "gen_0007_GyroscopeXAbsAreaDc": 4.6554546, "gen_0008_GyroscopeYAbsAreaDc": 20.445454, "gen_0009_GyroscopeZAbsAreaDc": 257.72, "gen_0013_GyroscopeXTotAreaAc": 0.10727272, "gen_0014_GyroscopeYTotAreaAc": 0.33545452, "gen_0015_GyroscopeZTotAreaAc": 1.6163635, "gen_0019_GyroscopeXAbsAreaAc": 8.391818, "gen_0020_GyroscopeYAbsAreaAc": 8.986363, "gen_0021_GyroscopeZAbsAreaAc": 30.615454, "gen_0233_GyroscopeXMinMaxSum": 46.0, "gen_0234_GyroscopeYMinMaxSum": 32.0, "gen_0235_GyroscopeZMinMaxSum": 223.0, "gen_0309_GXGY_cross_p2p_diff": 48.0, "gen_0310_GXGZ_cross_p2p_diff": 4.0, "gen_0311_GXAX_cross_p2p_diff": -47.0, "gen_0312_GXAY_cross_p2p_diff": -46.0, "gen_0313_GXAZ_cross_p2p_diff": -57.0, "gen_0314_GYGZ_cross_p2p_diff": 1.0, "gen_0315_GYAX_cross_p2p_diff": -49.0, "gen_0316_GYAY_cross_p2p_diff": -47.0, "gen_0317_GYAZ_cross_p2p_diff": -55.0, "gen_0318_GZAX_cross_p2p_diff": -49.0, "gen_0319_GZAY_cross_p2p_diff": 136.0, "gen_0320_GZAZ_cross_p2p_diff": 161.0, "gen_0321_AXAY_cross_p2p_diff": 1001.0, "gen_0322_AXAZ_cross_p2p_diff": 990.0, "gen_0323_AYAZ_cross_p2p_diff": 662.0, "gen_0062_GXGY_cross_mean_diff": 0.825, "gen_0063_GXGZ_cross_mean_diff": 0.76, "gen_0064_GXAX_cross_mean_diff": 0.655, "gen_0065_GXAY_cross_mean_diff": 0.8799999999999999, "gen_0066_GXAZ_cross_mean_diff": 0.965, "gen_0067_GYGZ_cross_mean_diff": 0.875, "gen_0068_GYAX_cross_mean_diff": 1.075, "gen_0069_GYAY_cross_mean_diff": 1.095, "gen_0070_GYAZ_cross_mean_diff": 1.12, "gen_0071_GZAX_cross_mean_diff": 1.82, "gen_0072_GZAY_cross_mean_diff": 1.615, "gen_0073_GZAZ_cross_mean_diff": 1.46, "gen_0074_AXAY_cross_mean_diff": 0.635, "gen_0075_AXAZ_cross_mean_diff": 0.81, "gen_0076_AYAZ_cross_mean_diff": 0.835, "gen_0140_AccelerometerXMedian": 72.5, "gen_0141_AccelerometerYMedian": 97.5, "gen_0142_AccelerometerZMedian": 8.5, "gen_0200_AccelerometerXAbsSum": 82661.0, "gen_0201_AccelerometerYAbsSum": 90158.0, "gen_0202_AccelerometerZAbsSum": 16688.0, "gen_0340_CCMeanCrossingOffset": 0.585, "gen_0341_CCMeanCrossingOffset": 0.575, "gen_0342_CCMeanCrossingOffset": 0.61, "gen_0343_CCMeanCrossingOffset": 0.56, "gen_0344_CCMeanCrossingOffset": 0.655, "gen_0345_CCMeanCrossingOffset": 0.575, "gen_0346_CCMeanCrossingOffset": 0.61, "gen_0347_CCMeanCrossingOffset": 0.56, "gen_0348_CCMeanCrossingOffset": 0.655, "gen_0349_CCMeanCrossingOffset": 0.61, "gen_0350_CCMeanCrossingOffset": 0.56, "gen_0351_CCMeanCrossingOffset": 0.655, "gen_0352_CCMeanCrossingOffset": 0.56, "gen_0353_CCMeanCrossingOffset": 0.655, "gen_0354_CCMeanCrossingOffset": 0.655, "gen_0025_GyroscopeXAbsAreaSpec": 1112800.0, "gen_0026_GyroscopeYAbsAreaSpec": 4122400.0, "gen_0027_GyroscopeZAbsAreaSpec": 468734200.0, "gen_0182_AccelerometerXminimum": -53.0, "gen_0183_AccelerometerYminimum": -49.0, "gen_0184_AccelerometerZminimum": -72.0, "gen_0188_AccelerometerXmaximum": 1305.0, "gen_0189_AccelerometerYmaximum": 1069.0, "gen_0190_AccelerometerZmaximum": 2016.0, "gen_0206_AccelerometerXAbsMean": 413.305, "gen_0207_AccelerometerYAbsMean": 450.79, "gen_0208_AccelerometerZAbsMean": 83.44, "gen_0269_GyroscopeXmfcc_000000": 200156.0, "gen_0269_GyroscopeXmfcc_000001": -20470.0, "gen_0269_GyroscopeXmfcc_000002": 69865.0, "gen_0269_GyroscopeXmfcc_000003": 29507.0, "gen_0269_GyroscopeXmfcc_000004": 43932.0, "gen_0269_GyroscopeXmfcc_000005": 36094.0, "gen_0269_GyroscopeXmfcc_000006": 55162.0, "gen_0269_GyroscopeXmfcc_000007": 37026.0, "gen_0269_GyroscopeXmfcc_000008": 46995.0, "gen_0269_GyroscopeXmfcc_000009": 50724.0, "gen_0269_GyroscopeXmfcc_000010": 55195.0, "gen_0269_GyroscopeXmfcc_000011": 41184.0, "gen_0269_GyroscopeXmfcc_000012": 38528.0, "gen_0269_GyroscopeXmfcc_000013": 36061.0, "gen_0269_GyroscopeXmfcc_000014": 35449.0, "gen_0269_GyroscopeXmfcc_000015": 22589.0, "gen_0269_GyroscopeXmfcc_000016": 31385.0, "gen_0269_GyroscopeXmfcc_000017": 25356.0, "gen_0269_GyroscopeXmfcc_000018": 16804.0, "gen_0269_GyroscopeXmfcc_000019": 15372.0, "gen_0269_GyroscopeXmfcc_000020": 6902.0, "gen_0269_GyroscopeXmfcc_000021": 5041.0, "gen_0269_GyroscopeXmfcc_000022": 1903.0, "gen_0270_GyroscopeYmfcc_000000": 202596.0, "gen_0270_GyroscopeYmfcc_000001": -17851.0, "gen_0270_GyroscopeYmfcc_000002": 65827.0, "gen_0270_GyroscopeYmfcc_000003": 28454.0, "gen_0270_GyroscopeYmfcc_000004": 37145.0, "gen_0270_GyroscopeYmfcc_000005": 28719.0, "gen_0270_GyroscopeYmfcc_000006": 46622.0, "gen_0270_GyroscopeYmfcc_000007": 57021.0, "gen_0270_GyroscopeYmfcc_000008": 60906.0, "gen_0270_GyroscopeYmfcc_000009": 71106.0, "gen_0270_GyroscopeYmfcc_000010": 55064.0, "gen_0270_GyroscopeYmfcc_000011": 33132.0, "gen_0270_GyroscopeYmfcc_000012": 54803.0, "gen_0270_GyroscopeYmfcc_000013": 39504.0, "gen_0270_GyroscopeYmfcc_000014": 39742.0, "gen_0270_GyroscopeYmfcc_000015": 28659.0, "gen_0270_GyroscopeYmfcc_000016": 25834.0, "gen_0270_GyroscopeYmfcc_000017": 24265.0, "gen_0270_GyroscopeYmfcc_000018": 18284.0, "gen_0270_GyroscopeYmfcc_000019": 17744.0, "gen_0270_GyroscopeYmfcc_000020": 10387.0, "gen_0270_GyroscopeYmfcc_000021": 8145.0, "gen_0270_GyroscopeYmfcc_000022": 2319.0, "gen_0271_GyroscopeZmfcc_000000": 247712.0, "gen_0271_GyroscopeZmfcc_000001": 18819.0, "gen_0271_GyroscopeZmfcc_000002": 34395.0, "gen_0271_GyroscopeZmfcc_000003": 63944.0, "gen_0271_GyroscopeZmfcc_000004": 32373.0, "gen_0271_GyroscopeZmfcc_000005": 25151.0, "gen_0271_GyroscopeZmfcc_000006": 71888.0, "gen_0271_GyroscopeZmfcc_000007": 73643.0, "gen_0271_GyroscopeZmfcc_000008": 104819.0, "gen_0271_GyroscopeZmfcc_000009": 56408.0, "gen_0271_GyroscopeZmfcc_000010": 102628.0, "gen_0271_GyroscopeZmfcc_000011": 56580.0, "gen_0271_GyroscopeZmfcc_000012": 41179.0, "gen_0271_GyroscopeZmfcc_000013": 56709.0, "gen_0271_GyroscopeZmfcc_000014": 55788.0, "gen_0271_GyroscopeZmfcc_000015": 51884.0, "gen_0271_GyroscopeZmfcc_000016": 26794.0, "gen_0271_GyroscopeZmfcc_000017": 34593.0, "gen_0271_GyroscopeZmfcc_000018": 32227.0, "gen_0271_GyroscopeZmfcc_000019": 17833.0, "gen_0271_GyroscopeZmfcc_000020": 14305.0, "gen_0271_GyroscopeZmfcc_000021": 8612.0, "gen_0271_GyroscopeZmfcc_000022": 2608.0, "gen_0278_AccelerometerXDomFreq": 125.5, "gen_0279_AccelerometerYDomFreq": 116.5, "gen_0280_AccelerometerZDomFreq": 127.5, "gen_0373_AccelerometerXTotArea": -0.11, "gen_0374_AccelerometerYTotArea": -0.02, "gen_0375_AccelerometerZTotArea": -0.04, "gen_0379_AccelerometerXAbsArea": 826.61005, "gen_0380_AccelerometerYAbsArea": 901.57996, "gen_0381_AccelerometerZAbsArea": 166.87996, "gen_0052_AccelerometerXVariance": 263195.06, "gen_0053_AccelerometerYVariance": 285710.34, "gen_0054_AccelerometerZVariance": 30199.467, "gen_0092_GXGY_cross_median_diff": 3.0, "gen_0093_GXGZ_cross_median_diff": 51.0, "gen_0094_GXAX_cross_median_diff": 126.0, "gen_0095_GXAY_cross_median_diff": 30.0, "gen_0096_GXAZ_cross_median_diff": 11.5, "gen_0097_GYGZ_cross_median_diff": 49.0, "gen_0098_GYAX_cross_median_diff": 123.0, "gen_0099_GYAY_cross_median_diff": 30.0, "gen_0100_GYAZ_cross_median_diff": 11.5, "gen_0101_GZAX_cross_median_diff": 115.5, "gen_0102_GZAY_cross_median_diff": 47.5, "gen_0103_GZAZ_cross_median_diff": 45.5, "gen_0104_AXAY_cross_median_diff": 78.5, "gen_0105_AXAZ_cross_median_diff": 82.5, "gen_0106_AYAZ_cross_median_diff": 106.5, "gen_0158_AccelerometerXKurtosis": 4.5243316, "gen_0159_AccelerometerYKurtosis": 6.819315, "gen_0160_AccelerometerZKurtosis": 90.67191, "gen_0167_GyroscopeX25Percentile": -2.0, "gen_0168_GyroscopeY25Percentile": -1.0, "gen_0169_GyroscopeZ25Percentile": -1.0, "gen_0173_GyroscopeX75Percentile": 3.25, "gen_0174_GyroscopeY75Percentile": 12.0, "gen_0175_GyroscopeZ75Percentile": 144.75, "gen_0284_AccelerometerXSpecEntr": 2.2073643, "gen_0285_AccelerometerYSpecEntr": 2.2340841, "gen_0286_AccelerometerZSpecEntr": 2.2589998, "gen_0004_AccelerometerXTotAreaDc": 48.592724, "gen_0005_AccelerometerYTotAreaDc": 42.46818, "gen_0006_AccelerometerZTotAreaDc": 22.586363, "gen_0010_AccelerometerXAbsAreaDc": 699.68, "gen_0011_AccelerometerYAbsAreaDc": 801.9355, "gen_0012_AccelerometerZAbsAreaDc": 61.41909, "gen_0016_AccelerometerXTotAreaAc": 9.377273, "gen_0017_AccelerometerYTotAreaAc": 7.747273, "gen_0018_AccelerometerZTotAreaAc": 2.9636362, "gen_0022_AccelerometerXAbsAreaAc": 206.32909, "gen_0023_AccelerometerYAbsAreaAc": 306.64636, "gen_0024_AccelerometerZAbsAreaAc": 162.7209, "gen_0043_GyroscopeX100Percentile": 69.0, "gen_0044_GyroscopeY100Percentile": 55.0, "gen_0045_GyroscopeZ100Percentile": 440.0, "gen_0113_GyroscopeXZeroCrossings": 0.0, "gen_0114_GyroscopeYZeroCrossings": 0.0, "gen_0115_GyroscopeZZeroCrossings": 24.0, "gen_0236_AccelerometerXMinMaxSum": 564.0, "gen_0237_AccelerometerYMinMaxSum": 285.0, "gen_0238_AccelerometerZMinMaxSum": 1703.0, "gen_0294_GXGY_cross_min_max_diff": 34.0, "gen_0295_GXGZ_cross_min_max_diff": 205.0, "gen_0296_GXAX_cross_min_max_diff": 910.0, "gen_0297_GXAY_cross_min_max_diff": 567.0, "gen_0298_GXAZ_cross_min_max_diff": 711.0, "gen_0299_GYGZ_cross_min_max_diff": 204.0, "gen_0300_GYAX_cross_min_max_diff": 829.0, "gen_0301_GYAY_cross_min_max_diff": 822.0, "gen_0302_GYAZ_cross_min_max_diff": 736.0, "gen_0303_GZAX_cross_min_max_diff": 499.0, "gen_0304_GZAY_cross_min_max_diff": 851.0, "gen_0305_GZAZ_cross_min_max_diff": 325.0, "gen_0306_AXAY_cross_min_max_diff": 1067.0, "gen_0307_AXAZ_cross_min_max_diff": 1146.0, "gen_0308_AYAZ_cross_min_max_diff": 1668.0, "gen_0055_GyroscopeXMeanDifference": 0.33668342, "gen_0056_GyroscopeYMeanDifference": 0.2914573, "gen_0057_GyroscopeZMeanDifference": 2.7336683, "gen_0209_GyroscopeXMaxP2PGlobalDC": 14.0, "gen_0210_GyroscopeYMaxP2PGlobalDC": 47.272728, "gen_0211_GyroscopeZMaxP2PGlobalDC": 553.7273, "gen_0215_GyroscopeXMaxP2PGlobalAC": 99.63637, "gen_0216_GyroscopeYMaxP2PGlobalAC": 60.636364, "gen_0217_GyroscopeZMaxP2PGlobalAC": 209.72726, "gen_0028_AccelerometerXAbsAreaSpec": 5237589000.0, "gen_0029_AccelerometerYAbsAreaSpec": 5685644300.0, "gen_0030_AccelerometerZAbsAreaSpec": 600974200.0, "gen_0031_GyroscopeXPeakFreq_000000": 4.5, "gen_0031_GyroscopeXPeakFreq_000001": 42.5, "gen_0032_GyroscopeYPeakFreq_000000": 11.5, "gen_0032_GyroscopeYPeakFreq_000001": 15.0, "gen_0033_GyroscopeZPeakFreq_000000": 12.0, "gen_0033_GyroscopeZPeakFreq_000001": 13.0, "gen_0221_GyroscopeXMaxP2P1stHalfAC": 99.63637, "gen_0222_GyroscopeYMaxP2P1stHalfAC": 35.818184, "gen_0223_GyroscopeZMaxP2P1stHalfAC": 170.45454, "gen_0272_AccelerometerXmfcc_000000": 323865.0, "gen_0272_AccelerometerXmfcc_000001": -4487.0, "gen_0272_AccelerometerXmfcc_000002": 30185.0, "gen_0272_AccelerometerXmfcc_000003": 22757.0, "gen_0272_AccelerometerXmfcc_000004": 53492.0, "gen_0272_AccelerometerXmfcc_000005": 38227.0, "gen_0272_AccelerometerXmfcc_000006": 64587.0, "gen_0272_AccelerometerXmfcc_000007": 72054.0, "gen_0272_AccelerometerXmfcc_000008": 103730.0, "gen_0272_AccelerometerXmfcc_000009": 68436.0, "gen_0272_AccelerometerXmfcc_000010": 70578.0, "gen_0272_AccelerometerXmfcc_000011": 56808.0, "gen_0272_AccelerometerXmfcc_000012": 50702.0, "gen_0272_AccelerometerXmfcc_000013": 46021.0, "gen_0272_AccelerometerXmfcc_000014": 46422.0, "gen_0272_AccelerometerXmfcc_000015": 49475.0, "gen_0272_AccelerometerXmfcc_000016": 30277.0, "gen_0272_AccelerometerXmfcc_000017": 30877.0, "gen_0272_AccelerometerXmfcc_000018": 21584.0, "gen_0272_AccelerometerXmfcc_000019": 23681.0, "gen_0272_AccelerometerXmfcc_000020": 8886.0, "gen_0272_AccelerometerXmfcc_000021": 9830.0, "gen_0272_AccelerometerXmfcc_000022": 2819.0, "gen_0273_AccelerometerYmfcc_000000": 345792.0, "gen_0273_AccelerometerYmfcc_000001": -30024.0, "gen_0273_AccelerometerYmfcc_000002": 38646.0, "gen_0273_AccelerometerYmfcc_000003": 36970.0, "gen_0273_AccelerometerYmfcc_000004": 35520.0, "gen_0273_AccelerometerYmfcc_000005": 46816.0, "gen_0273_AccelerometerYmfcc_000006": 59064.0, "gen_0273_AccelerometerYmfcc_000007": 76227.0, "gen_0273_AccelerometerYmfcc_000008": 73937.0, "gen_0273_AccelerometerYmfcc_000009": 64335.0, "gen_0273_AccelerometerYmfcc_000010": 78805.0, "gen_0273_AccelerometerYmfcc_000011": 48792.0, "gen_0273_AccelerometerYmfcc_000012": 42963.0, "gen_0273_AccelerometerYmfcc_000013": 57263.0, "gen_0273_AccelerometerYmfcc_000014": 43473.0, "gen_0273_AccelerometerYmfcc_000015": 47711.0, "gen_0273_AccelerometerYmfcc_000016": 34831.0, "gen_0273_AccelerometerYmfcc_000017": 26890.0, "gen_0273_AccelerometerYmfcc_000018": 18291.0, "gen_0273_AccelerometerYmfcc_000019": 29062.0, "gen_0273_AccelerometerYmfcc_000020": 14691.0, "gen_0273_AccelerometerYmfcc_000021": 6706.0, "gen_0273_AccelerometerYmfcc_000022": 2940.0, "gen_0274_AccelerometerZmfcc_000000": 339012.0, "gen_0274_AccelerometerZmfcc_000001": -26427.0, "gen_0274_AccelerometerZmfcc_000002": 44061.0, "gen_0274_AccelerometerZmfcc_000003": 21164.0, "gen_0274_AccelerometerZmfcc_000004": 71936.0, "gen_0274_AccelerometerZmfcc_000005": 48596.0, "gen_0274_AccelerometerZmfcc_000006": 61253.0, "gen_0274_AccelerometerZmfcc_000007": 58119.0, "gen_0274_AccelerometerZmfcc_000008": 64890.0, "gen_0274_AccelerometerZmfcc_000009": 72989.0, "gen_0274_AccelerometerZmfcc_000010": 63410.0, "gen_0274_AccelerometerZmfcc_000011": 69180.0, "gen_0274_AccelerometerZmfcc_000012": 53483.0, "gen_0274_AccelerometerZmfcc_000013": 58014.0, "gen_0274_AccelerometerZmfcc_000014": 36880.0, "gen_0274_AccelerometerZmfcc_000015": 40461.0, "gen_0274_AccelerometerZmfcc_000016": 29876.0, "gen_0274_AccelerometerZmfcc_000017": 29556.0, "gen_0274_AccelerometerZmfcc_000018": 21320.0, "gen_0274_AccelerometerZmfcc_000019": 19209.0, "gen_0274_AccelerometerZmfcc_000020": 13490.0, "gen_0274_AccelerometerZmfcc_000021": 9079.0, "gen_0274_AccelerometerZmfcc_000022": 2397.0, "gen_0061_GXGYGZAXAYAZ_cross_max_col": 6.0, "gen_0170_AccelerometerX25Percentile": -14.0, "gen_0171_AccelerometerY25Percentile": -14.25, "gen_0172_AccelerometerZ25Percentile": -19.25, "gen_0176_AccelerometerX75Percentile": 377.5, "gen_0177_AccelerometerY75Percentile": 419.25, "gen_0178_AccelerometerZ75Percentile": 61.25, "gen_0239_GyroscopeXMeanCrossingRate": 0.54, "gen_0240_GyroscopeYMeanCrossingRate": 0.585, "gen_0241_GyroscopeZMeanCrossingRate": 0.575, "gen_0245_GyroscopeXZeroCrossingRate": 0.49, "gen_0246_GyroscopeYZeroCrossingRate": 0.5, "gen_0247_GyroscopeZZeroCrossingRate": 0.425, "gen_0287_GyroscopeXPowerSpec_000000": 35.215397, "gen_0287_GyroscopeXPowerSpec_000001": 25.856909, "gen_0287_GyroscopeXPowerSpec_000002": 23.665623, "gen_0287_GyroscopeXPowerSpec_000003": 25.785843, "gen_0287_GyroscopeXPowerSpec_000004": 27.131186, "gen_0287_GyroscopeXPowerSpec_000005": 21.527336, "gen_0287_GyroscopeXPowerSpec_000006": 21.504896, "gen_0287_GyroscopeXPowerSpec_000007": 19.670048, "gen_0287_GyroscopeXPowerSpec_000008": 16.242641, "gen_0287_GyroscopeXPowerSpec_000009": 16.236069, "gen_0287_GyroscopeXPowerSpec_000010": 15.414213, "gen_0287_GyroscopeXPowerSpec_000011": 19.236069, "gen_0287_GyroscopeXPowerSpec_000012": 19.12899, "gen_0287_GyroscopeXPowerSpec_000013": 17.414213, "gen_0287_GyroscopeXPowerSpec_000014": 23.01534, "gen_0287_GyroscopeXPowerSpec_000015": 29.092978, "gen_0288_GyroscopeYPowerSpec_000000": 37.088604, "gen_0288_GyroscopeYPowerSpec_000001": 25.672194, "gen_0288_GyroscopeYPowerSpec_000002": 24.61427, "gen_0288_GyroscopeYPowerSpec_000003": 22.01534, "gen_0288_GyroscopeYPowerSpec_000004": 25.073263, "gen_0288_GyroscopeYPowerSpec_000005": 18.950844, "gen_0288_GyroscopeYPowerSpec_000006": 25.821325, "gen_0288_GyroscopeYPowerSpec_000007": 21.70548, "gen_0288_GyroscopeYPowerSpec_000008": 14.2426405, "gen_0288_GyroscopeYPowerSpec_000009": 14.414213, "gen_0288_GyroscopeYPowerSpec_000010": 16.236069, "gen_0288_GyroscopeYPowerSpec_000011": 12.2426405, "gen_0288_GyroscopeYPowerSpec_000012": 19.714777, "gen_0288_GyroscopeYPowerSpec_000013": 18.478708, "gen_0288_GyroscopeYPowerSpec_000014": 20.950844, "gen_0288_GyroscopeYPowerSpec_000015": 32.623035, "gen_0289_GyroscopeZPowerSpec_000000": 188.18698, "gen_0289_GyroscopeZPowerSpec_000001": 79.044876, "gen_0289_GyroscopeZPowerSpec_000002": 27.840134, "gen_0289_GyroscopeZPowerSpec_000003": 31.522133, "gen_0289_GyroscopeZPowerSpec_000004": 27.442747, "gen_0289_GyroscopeZPowerSpec_000005": 28.264599, "gen_0289_GyroscopeZPowerSpec_000006": 30.788727, "gen_0289_GyroscopeZPowerSpec_000007": 34.84109, "gen_0289_GyroscopeZPowerSpec_000008": 24.122417, "gen_0289_GyroscopeZPowerSpec_000009": 19.892921, "gen_0289_GyroscopeZPowerSpec_000010": 15.828427, "gen_0289_GyroscopeZPowerSpec_000011": 19.656855, "gen_0289_GyroscopeZPowerSpec_000012": 28.25141, "gen_0289_GyroscopeZPowerSpec_000013": 23.37163, "gen_0289_GyroscopeZPowerSpec_000014": 35.711727, "gen_0289_GyroscopeZPowerSpec_000015": 54.90694, "gen_0293_GXGYGZAXAYAZ_cross_min_col": 6.0, "gen_0324_GXGYGZAXAYAZ_cross_max_col": 6.0, "gen_0046_AccelerometerX100Percentile": 1305.0, "gen_0047_AccelerometerY100Percentile": 1069.0, "gen_0048_AccelerometerZ100Percentile": 2016.0, "gen_0116_AccelerometerXZeroCrossings": 88.0, "gen_0117_AccelerometerYZeroCrossings": 88.0, "gen_0118_AccelerometerZZeroCrossings": 116.0, "gen_0251_GyroscopeXSigmaCrossingRate": 0.21, "gen_0252_GyroscopeYSigmaCrossingRate": 0.15, "gen_0253_GyroscopeZSigmaCrossingRate": 0.17, "gen_0058_AccelerometerXMeanDifference": 9.105528, "gen_0059_AccelerometerYMeanDifference": 9.251256, "gen_0060_AccelerometerZMeanDifference": 10.135678, "gen_0212_AccelerometerXMaxP2PGlobalDC": 2045.909, "gen_0213_AccelerometerYMaxP2PGlobalDC": 1681.4546, "gen_0214_AccelerometerZMaxP2PGlobalDC": 261.72726, "gen_0218_AccelerometerXMaxP2PGlobalAC": 1176.9092, "gen_0219_AccelerometerYMaxP2PGlobalAC": 1820.3638, "gen_0220_AccelerometerZMaxP2PGlobalAC": 2361.0908, "gen_0034_AccelerometerXPeakFreq_000000": 17.5, "gen_0034_AccelerometerXPeakFreq_000001": 60.5, "gen_0035_AccelerometerYPeakFreq_000000": 51.0, "gen_0035_AccelerometerYPeakFreq_000001": 63.5, "gen_0036_AccelerometerZPeakFreq_000000": 22.0, "gen_0036_AccelerometerZPeakFreq_000001": 60.0, "gen_0224_AccelerometerXMaxP2P1stHalfAC": 1107.2727, "gen_0225_AccelerometerYMaxP2P1stHalfAC": 1820.3638, "gen_0226_AccelerometerZMaxP2P1stHalfAC": 2361.0908, "gen_0242_AccelerometerXMeanCrossingRate": 0.61, "gen_0243_AccelerometerYMeanCrossingRate": 0.56, "gen_0244_AccelerometerZMeanCrossingRate": 0.655, "gen_0248_AccelerometerXZeroCrossingRate": 0.6, "gen_0249_AccelerometerYZeroCrossingRate": 0.56, "gen_0250_AccelerometerZZeroCrossingRate": 0.655, "gen_0257_GyroscopeX2ndSigmaCrossingRate": 0.07, "gen_0258_GyroscopeY2ndSigmaCrossingRate": 0.055, "gen_0259_GyroscopeZ2ndSigmaCrossingRate": 0.03, "gen_0290_AccelerometerXPowerSpec_000000": 707.7086, "gen_0290_AccelerometerXPowerSpec_000001": 601.7339, "gen_0290_AccelerometerXPowerSpec_000002": 238.48695, "gen_0290_AccelerometerXPowerSpec_000003": 120.77192, "gen_0290_AccelerometerXPowerSpec_000004": 138.11607, "gen_0290_AccelerometerXPowerSpec_000005": 85.96811, "gen_0290_AccelerometerXPowerSpec_000006": 61.978657, "gen_0290_AccelerometerXPowerSpec_000007": 67.22091, "gen_0290_AccelerometerXPowerSpec_000008": 68.21414, "gen_0290_AccelerometerXPowerSpec_000009": 65.469666, "gen_0290_AccelerometerXPowerSpec_000010": 47.25847, "gen_0290_AccelerometerXPowerSpec_000011": 50.610844, "gen_0290_AccelerometerXPowerSpec_000012": 60.167126, "gen_0290_AccelerometerXPowerSpec_000013": 58.495632, "gen_0290_AccelerometerXPowerSpec_000014": 62.470043, "gen_0290_AccelerometerXPowerSpec_000015": 72.53017, "gen_0291_AccelerometerYPowerSpec_000000": 577.35284, "gen_0291_AccelerometerYPowerSpec_000001": 477.59753, "gen_0291_AccelerometerYPowerSpec_000002": 151.12915, "gen_0291_AccelerometerYPowerSpec_000003": 160.98486, "gen_0291_AccelerometerYPowerSpec_000004": 225.99336, "gen_0291_AccelerometerYPowerSpec_000005": 201.50304, "gen_0291_AccelerometerYPowerSpec_000006": 140.82416, "gen_0291_AccelerometerYPowerSpec_000007": 130.95425, "gen_0291_AccelerometerYPowerSpec_000008": 107.52434, "gen_0291_AccelerometerYPowerSpec_000009": 100.141014, "gen_0291_AccelerometerYPowerSpec_000010": 94.96582, "gen_0291_AccelerometerYPowerSpec_000011": 102.71616, "gen_0291_AccelerometerYPowerSpec_000012": 90.20279, "gen_0291_AccelerometerYPowerSpec_000013": 80.39106, "gen_0291_AccelerometerYPowerSpec_000014": 102.49101, "gen_0291_AccelerometerYPowerSpec_000015": 85.26946, "gen_0292_AccelerometerZPowerSpec_000000": 97.9467, "gen_0292_AccelerometerZPowerSpec_000001": 68.20782, "gen_0292_AccelerometerZPowerSpec_000002": 112.421326, "gen_0292_AccelerometerZPowerSpec_000003": 86.48064, "gen_0292_AccelerometerZPowerSpec_000004": 71.5707, "gen_0292_AccelerometerZPowerSpec_000005": 63.712605, "gen_0292_AccelerometerZPowerSpec_000006": 77.705894, "gen_0292_AccelerometerZPowerSpec_000007": 73.771416, "gen_0292_AccelerometerZPowerSpec_000008": 81.53002, "gen_0292_AccelerometerZPowerSpec_000009": 103.67031, "gen_0292_AccelerometerZPowerSpec_000010": 85.093575, "gen_0292_AccelerometerZPowerSpec_000011": 91.95089, "gen_0292_AccelerometerZPowerSpec_000012": 114.497246, "gen_0292_AccelerometerZPowerSpec_000013": 90.06028, "gen_0292_AccelerometerZPowerSpec_000014": 111.740585, "gen_0292_AccelerometerZPowerSpec_000015": 107.18711, "gen_0119_GyroscopeXPositiveZeroCrossings": 0.0, "gen_0120_GyroscopeYPositiveZeroCrossings": 0.0, "gen_0121_GyroscopeZPositiveZeroCrossings": 13.0, "gen_0125_GyroscopeXNegativeZeroCrossings": 0.0, "gen_0126_GyroscopeYNegativeZeroCrossings": 0.0, "gen_0127_GyroscopeZNegativeZeroCrossings": 11.0, "gen_0131_GyroscopeXThresholdCrossingRate": 0.49, "gen_0132_GyroscopeYThresholdCrossingRate": 0.5, "gen_0133_GyroscopeZThresholdCrossingRate": 0.425, "gen_0254_AccelerometerXSigmaCrossingRate": 0.295, "gen_0255_AccelerometerYSigmaCrossingRate": 0.305, "gen_0256_AccelerometerZSigmaCrossingRate": 0.31, "gen_0263_GyroscopeXThresholdCrossingRate": 55.0, "gen_0264_GyroscopeYThresholdCrossingRate": 59.0, "gen_0265_GyroscopeZThresholdCrossingRate": 58.0, "gen_0143_GyroscopeXLinearRegressionR_0002": 0.3269408, "gen_0144_GyroscopeYLinearRegressionR_0002": 0.75260085, "gen_0145_GyroscopeZLinearRegressionR_0002": 0.92389035, "gen_0260_AccelerometerX2ndSigmaCrossingRate": 0.07, "gen_0261_AccelerometerY2ndSigmaCrossingRate": 0.07, "gen_0262_AccelerometerZ2ndSigmaCrossingRate": 0.07, "gen_0122_AccelerometerXPositiveZeroCrossings": 44.0, "gen_0123_AccelerometerYPositiveZeroCrossings": 45.0, "gen_0124_AccelerometerZPositiveZeroCrossings": 58.0, "gen_0128_AccelerometerXNegativeZeroCrossings": 45.0, "gen_0129_AccelerometerYNegativeZeroCrossings": 43.0, "gen_0130_AccelerometerZNegativeZeroCrossings": 58.0, "gen_0134_AccelerometerXThresholdCrossingRate": 0.6, "gen_0135_AccelerometerYThresholdCrossingRate": 0.56, "gen_0136_AccelerometerZThresholdCrossingRate": 0.655, "gen_0266_AccelerometerXThresholdCrossingRate": 62.0, "gen_0267_AccelerometerYThresholdCrossingRate": 56.0, "gen_0268_AccelerometerZThresholdCrossingRate": 66.0, "gen_0355_GXGY_cross_peak_location_difference": 155.0, "gen_0356_GXGZ_cross_peak_location_difference": 154.0, "gen_0357_GXAX_cross_peak_location_difference": 142.0, "gen_0358_GXAY_cross_peak_location_difference": 187.0, "gen_0359_GXAZ_cross_peak_location_difference": 161.0, "gen_0360_GYGZ_cross_peak_location_difference": 185.0, "gen_0361_GYAX_cross_peak_location_difference": 161.0, "gen_0362_GYAY_cross_peak_location_difference": 187.0, "gen_0363_GYAZ_cross_peak_location_difference": 191.0, "gen_0364_GZAX_cross_peak_location_difference": 163.0, "gen_0365_GZAY_cross_peak_location_difference": 179.0, "gen_0366_GZAZ_cross_peak_location_difference": 196.0, "gen_0367_AXAY_cross_peak_location_difference": 120.0, "gen_0368_AXAZ_cross_peak_location_difference": 198.0, "gen_0369_AYAZ_cross_peak_location_difference": 147.0, "gen_0143_GyroscopeXLinearRegressionSlope_0000": 0.029761493, "gen_0144_GyroscopeYLinearRegressionSlope_0000": 0.15454735, "gen_0145_GyroscopeZLinearRegressionSlope_0000": 2.2393625, "gen_0146_AccelerometerXLinearRegressionR_0002": 0.7548362, "gen_0147_AccelerometerYLinearRegressionR_0002": 0.73705786, "gen_0148_AccelerometerZLinearRegressionR_0002": 0.18018253, "gen_0143_GyroscopeXLinearRegressionStdErr_0003": 0.009040273, "gen_0144_GyroscopeYLinearRegressionStdErr_0003": 0.013056508, "gen_0145_GyroscopeZLinearRegressionStdErr_0003": 0.11286988, "gen_0143_GyroscopeXLinearRegressionIntercept_0001": 2.6871643, "gen_0144_GyroscopeYLinearRegressionIntercept_0001": 18.366564, "gen_0145_GyroscopeZLinearRegressionIntercept_0001": 238.26372, "gen_0146_AccelerometerXLinearRegressionSlope_0000": 5.921061, "gen_0147_AccelerometerYLinearRegressionSlope_0000": 5.6221194, "gen_0148_AccelerometerZLinearRegressionSlope_0000": 0.39241132, "gen_0146_AccelerometerXLinearRegressionStdErr_0003": 0.52234197, "gen_0147_AccelerometerYLinearRegressionStdErr_0003": 0.444205, "gen_0148_AccelerometerZLinearRegressionStdErr_0003": 0.21154529, "gen_0146_AccelerometerXLinearRegressionIntercept_0001": 602.2626, "gen_0147_AccelerometerYLinearRegressionIntercept_0001": 750.8378, "gen_0148_AccelerometerZLinearRegressionIntercept_0001": 30.266268}, "minimums": {"gen_0037_GyroscopeXStd": 2.0624256, "gen_0038_GyroscopeYStd": 1.746425, "gen_0039_GyroscopeZStd": 1.8102416, "gen_0161_GyroscopeXIQR": 3.0, "gen_0162_GyroscopeYIQR": 2.0, "gen_0163_GyroscopeZIQR": 2.0, "gen_0191_GyroscopeXSum": -198.0, "gen_0192_GyroscopeYSum": -198.0, "gen_0193_GyroscopeZSum": -188.0, "gen_0227_GyroscopeXP2P": 11.0, "gen_0228_GyroscopeYP2P": 9.0, "gen_0229_GyroscopeZP2P": 9.0, "gen_0077_CCMeanCrossing": 0.075, "gen_0078_CCMeanCrossing": 0.005, "gen_0079_CCMeanCrossing": 0.045, "gen_0080_CCMeanCrossing": 0.065, "gen_0081_CCMeanCrossing": 0.42, "gen_0082_CCMeanCrossing": 0.005, "gen_0083_CCMeanCrossing": 0.045, "gen_0084_CCMeanCrossing": 0.065, "gen_0085_CCMeanCrossing": 0.42, "gen_0086_CCMeanCrossing": 0.045, "gen_0087_CCMeanCrossing": 0.065, "gen_0088_CCMeanCrossing": 0.42, "gen_0089_CCMeanCrossing": 0.065, "gen_0090_CCMeanCrossing": 0.42, "gen_0091_CCMeanCrossing": 0.42, "gen_0107_GyroscopeXMean": -0.99, "gen_0108_GyroscopeYMean": -0.99, "gen_0109_GyroscopeZMean": -0.94, "gen_0149_GyroscopeXSkew": -1.4352465, "gen_0150_GyroscopeYSkew": -1.2123567, "gen_0151_GyroscopeZSkew": -0.8346906, "gen_0325_GXGY_cross_corr": 0.3316582914572864, "gen_0326_GXGZ_cross_corr": 0.3165829145728643, "gen_0327_GXAX_cross_corr": 0.3567839195979899, "gen_0328_GXAY_cross_corr": 0.371859296482412, "gen_0329_GXAZ_cross_corr": 0.3618090452261306, "gen_0330_GYGZ_cross_corr": 0.2964824120603015, "gen_0331_GYAX_cross_corr": 0.3266331658291457, "gen_0332_GYAY_cross_corr": 0.371859296482412, "gen_0333_GYAZ_cross_corr": 0.321608040201005, "gen_0334_GZAX_cross_corr": 0.3266331658291457, "gen_0335_GZAY_cross_corr": 0.3316582914572864, "gen_0336_GZAZ_cross_corr": 0.3819095477386934, "gen_0337_AXAY_cross_corr": 0.3618090452261306, "gen_0338_AXAZ_cross_corr": 0.4070351758793969, "gen_0339_AYAZ_cross_corr": 0.3115577889447236, "gen_0137_GyroscopeXMedian": -2.0, "gen_0138_GyroscopeYMedian": -3.0, "gen_0139_GyroscopeZMedian": -51.5, "gen_0197_GyroscopeXAbsSum": 322.0, "gen_0198_GyroscopeYAbsSum": 275.0, "gen_0199_GyroscopeZAbsSum": 282.0, "gen_0040_AccelerometerXStd": 20.790003, "gen_0041_AccelerometerYStd": 22.030529, "gen_0042_AccelerometerZStd": 26.899912, "gen_0164_AccelerometerXIQR": 28.0, "gen_0165_AccelerometerYIQR": 28.5, "gen_0166_AccelerometerZIQR": 35.0, "gen_0179_GyroscopeXminimum": -46.0, "gen_0180_GyroscopeYminimum": -38.0, "gen_0181_GyroscopeZminimum": -308.0, "gen_0185_GyroscopeXmaximum": 5.0, "gen_0186_GyroscopeYmaximum": 4.0, "gen_0187_GyroscopeZmaximum": 4.0, "gen_0194_AccelerometerXSum": -196.0, "gen_0195_AccelerometerYSum": -190.0, "gen_0196_AccelerometerZSum": -199.0, "gen_0203_GyroscopeXAbsMean": 1.61, "gen_0204_GyroscopeYAbsMean": 1.375, "gen_0205_GyroscopeZAbsMean": 1.41, "gen_0230_AccelerometerXP2P": 119.0, "gen_0231_AccelerometerYP2P": 105.0, "gen_0232_AccelerometerZP2P": 139.0, "gen_0275_GyroscopeXDomFreq": 0.5, "gen_0276_GyroscopeYDomFreq": 0.5, "gen_0277_GyroscopeZDomFreq": 0.5, "gen_0370_GyroscopeXTotArea": -1.9799999, "gen_0371_GyroscopeYTotArea": -1.9799999, "gen_0372_GyroscopeZTotArea": -1.88, "gen_0376_GyroscopeXAbsArea": 3.219998, "gen_0377_GyroscopeYAbsArea": 2.749998, "gen_0378_GyroscopeZAbsArea": 2.819998, "gen_0049_GyroscopeXVariance": 4.274976, "gen_0050_GyroscopeYVariance": 3.065327, "gen_0051_GyroscopeZVariance": 3.2934418, "gen_0110_AccelerometerXMean": -0.98, "gen_0111_AccelerometerYMean": -0.95, "gen_0112_AccelerometerZMean": -0.995, "gen_0152_AccelerometerXSkew": -1.0446328, "gen_0153_AccelerometerYSkew": -0.9218977, "gen_0154_AccelerometerZSkew": -1.8115449, "gen_0155_GyroscopeXKurtosis": -0.46472955, "gen_0156_GyroscopeYKurtosis": -1.1740123, "gen_0157_GyroscopeZKurtosis": -1.37597, "gen_0281_GyroscopeXSpecEntr": 1.8470938, "gen_0282_GyroscopeYSpecEntr": 1.8757486, "gen_0283_GyroscopeZSpecEntr": 1.0277953, "gen_0001_GyroscopeXTotAreaDc": 0.047272727, "gen_0002_GyroscopeYTotAreaDc": 0.048181817, "gen_0003_GyroscopeZTotAreaDc": 0.0036363637, "gen_0007_GyroscopeXAbsAreaDc": 0.86999995, "gen_0008_GyroscopeYAbsAreaDc": 0.6918182, "gen_0009_GyroscopeZAbsAreaDc": 0.8481818, "gen_0013_GyroscopeXTotAreaAc": 0.0018181818, "gen_0014_GyroscopeYTotAreaAc": 0.0018181818, "gen_0015_GyroscopeZTotAreaAc": 0.0009090909, "gen_0019_GyroscopeXAbsAreaAc": 2.7627273, "gen_0020_GyroscopeYAbsAreaAc": 2.5372727, "gen_0021_GyroscopeZAbsAreaAc": 2.5390909, "gen_0233_GyroscopeXMinMaxSum": -19.0, "gen_0234_GyroscopeYMinMaxSum": -17.0, "gen_0235_GyroscopeZMinMaxSum": -122.0, "gen_0309_GXGY_cross_p2p_diff": -22.0, "gen_0310_GXGZ_cross_p2p_diff": -417.0, "gen_0311_GXAX_cross_p2p_diff": -1282.0, "gen_0312_GXAY_cross_p2p_diff": -1054.0, "gen_0313_GXAZ_cross_p2p_diff": -1952.0, "gen_0314_GYGZ_cross_p2p_diff": -408.0, "gen_0315_GYAX_cross_p2p_diff": -1273.0, "gen_0316_GYAY_cross_p2p_diff": -1050.0, "gen_0317_GYAZ_cross_p2p_diff": -1961.0, "gen_0318_GZAX_cross_p2p_diff": -991.0, "gen_0319_GZAY_cross_p2p_diff": -954.0, "gen_0320_GZAZ_cross_p2p_diff": -1944.0, "gen_0321_AXAY_cross_p2p_diff": -601.0, "gen_0322_AXAZ_cross_p2p_diff": -1595.0, "gen_0323_AYAZ_cross_p2p_diff": -1409.0, "gen_0062_GXGY_cross_mean_diff": -1.235, "gen_0063_GXGZ_cross_mean_diff": -1.525, "gen_0064_GXAX_cross_mean_diff": -0.7899999999999999, "gen_0065_GXAY_cross_mean_diff": -0.64, "gen_0066_GXAZ_cross_mean_diff": -0.96, "gen_0067_GYGZ_cross_mean_diff": -1.635, "gen_0068_GYAX_cross_mean_diff": -0.88, "gen_0069_GYAY_cross_mean_diff": -0.775, "gen_0070_GYAZ_cross_mean_diff": -0.895, "gen_0071_GZAX_cross_mean_diff": -0.74, "gen_0072_GZAY_cross_mean_diff": -0.82, "gen_0073_GZAZ_cross_mean_diff": -0.8799999999999999, "gen_0074_AXAY_cross_mean_diff": -0.7050000000000001, "gen_0075_AXAZ_cross_mean_diff": -0.76, "gen_0076_AYAZ_cross_mean_diff": -0.8799999999999999, "gen_0140_AccelerometerXMedian": -126.0, "gen_0141_AccelerometerYMedian": -31.0, "gen_0142_AccelerometerZMedian": -12.5, "gen_0200_AccelerometerXAbsSum": 3343.0, "gen_0201_AccelerometerYAbsSum": 3518.0, "gen_0202_AccelerometerZAbsSum": 4414.0, "gen_0340_CCMeanCrossingOffset": 0.075, "gen_0341_CCMeanCrossingOffset": 0.005, "gen_0342_CCMeanCrossingOffset": 0.045, "gen_0343_CCMeanCrossingOffset": 0.065, "gen_0344_CCMeanCrossingOffset": 0.42, "gen_0345_CCMeanCrossingOffset": 0.005, "gen_0346_CCMeanCrossingOffset": 0.045, "gen_0347_CCMeanCrossingOffset": 0.065, "gen_0348_CCMeanCrossingOffset": 0.42, "gen_0349_CCMeanCrossingOffset": 0.045, "gen_0350_CCMeanCrossingOffset": 0.065, "gen_0351_CCMeanCrossingOffset": 0.42, "gen_0352_CCMeanCrossingOffset": 0.065, "gen_0353_CCMeanCrossingOffset": 0.42, "gen_0354_CCMeanCrossingOffset": 0.42, "gen_0025_GyroscopeXAbsAreaSpec": 88600.0, "gen_0026_GyroscopeYAbsAreaSpec": 61800.0, "gen_0027_GyroscopeZAbsAreaSpec": 66300.0, "gen_0182_AccelerometerXminimum": -1365.0, "gen_0183_AccelerometerYminimum": -1646.0, "gen_0184_AccelerometerZminimum": -755.0, "gen_0188_AccelerometerXmaximum": 53.0, "gen_0189_AccelerometerYmaximum": 53.0, "gen_0190_AccelerometerZmaximum": 62.0, "gen_0206_AccelerometerXAbsMean": 16.715, "gen_0207_AccelerometerYAbsMean": 17.59, "gen_0208_AccelerometerZAbsMean": 22.07, "gen_0269_GyroscopeXmfcc_000000": 167380.0, "gen_0269_GyroscopeXmfcc_000001": -76245.0, "gen_0269_GyroscopeXmfcc_000002": -10761.0, "gen_0269_GyroscopeXmfcc_000003": -19216.0, "gen_0269_GyroscopeXmfcc_000004": -10143.0, "gen_0269_GyroscopeXmfcc_000005": -18360.0, "gen_0269_GyroscopeXmfcc_000006": -19102.0, "gen_0269_GyroscopeXmfcc_000007": -40196.0, "gen_0269_GyroscopeXmfcc_000008": -16707.0, "gen_0269_GyroscopeXmfcc_000009": -13589.0, "gen_0269_GyroscopeXmfcc_000010": -34024.0, "gen_0269_GyroscopeXmfcc_000011": -33828.0, "gen_0269_GyroscopeXmfcc_000012": -28757.0, "gen_0269_GyroscopeXmfcc_000013": -17217.0, "gen_0269_GyroscopeXmfcc_000014": -22023.0, "gen_0269_GyroscopeXmfcc_000015": -29727.0, "gen_0269_GyroscopeXmfcc_000016": -19437.0, "gen_0269_GyroscopeXmfcc_000017": -11657.0, "gen_0269_GyroscopeXmfcc_000018": -14297.0, "gen_0269_GyroscopeXmfcc_000019": -13724.0, "gen_0269_GyroscopeXmfcc_000020": -8203.0, "gen_0269_GyroscopeXmfcc_000021": -6689.0, "gen_0269_GyroscopeXmfcc_000022": -2261.0, "gen_0270_GyroscopeYmfcc_000000": 165026.0, "gen_0270_GyroscopeYmfcc_000001": -78220.0, "gen_0270_GyroscopeYmfcc_000002": -406.0, "gen_0270_GyroscopeYmfcc_000003": -55490.0, "gen_0270_GyroscopeYmfcc_000004": -25385.0, "gen_0270_GyroscopeYmfcc_000005": -29935.0, "gen_0270_GyroscopeYmfcc_000006": -35083.0, "gen_0270_GyroscopeYmfcc_000007": -16109.0, "gen_0270_GyroscopeYmfcc_000008": -16939.0, "gen_0270_GyroscopeYmfcc_000009": -31486.0, "gen_0270_GyroscopeYmfcc_000010": -38815.0, "gen_0270_GyroscopeYmfcc_000011": -41604.0, "gen_0270_GyroscopeYmfcc_000012": -29875.0, "gen_0270_GyroscopeYmfcc_000013": -23248.0, "gen_0270_GyroscopeYmfcc_000014": -29386.0, "gen_0270_GyroscopeYmfcc_000015": -24651.0, "gen_0270_GyroscopeYmfcc_000016": -25612.0, "gen_0270_GyroscopeYmfcc_000017": -12888.0, "gen_0270_GyroscopeYmfcc_000018": -14825.0, "gen_0270_GyroscopeYmfcc_000019": -11814.0, "gen_0270_GyroscopeYmfcc_000020": -10170.0, "gen_0270_GyroscopeYmfcc_000021": -5609.0, "gen_0270_GyroscopeYmfcc_000022": -3640.0, "gen_0271_GyroscopeZmfcc_000000": 163633.0, "gen_0271_GyroscopeZmfcc_000001": -43259.0, "gen_0271_GyroscopeZmfcc_000002": -34589.0, "gen_0271_GyroscopeZmfcc_000003": -78097.0, "gen_0271_GyroscopeZmfcc_000004": -82205.0, "gen_0271_GyroscopeZmfcc_000005": -84085.0, "gen_0271_GyroscopeZmfcc_000006": -32085.0, "gen_0271_GyroscopeZmfcc_000007": -15299.0, "gen_0271_GyroscopeZmfcc_000008": -56097.0, "gen_0271_GyroscopeZmfcc_000009": -93938.0, "gen_0271_GyroscopeZmfcc_000010": -49074.0, "gen_0271_GyroscopeZmfcc_000011": -64512.0, "gen_0271_GyroscopeZmfcc_000012": -41656.0, "gen_0271_GyroscopeZmfcc_000013": -55277.0, "gen_0271_GyroscopeZmfcc_000014": -24940.0, "gen_0271_GyroscopeZmfcc_000015": -35623.0, "gen_0271_GyroscopeZmfcc_000016": -23023.0, "gen_0271_GyroscopeZmfcc_000017": -23700.0, "gen_0271_GyroscopeZmfcc_000018": -20842.0, "gen_0271_GyroscopeZmfcc_000019": -11067.0, "gen_0271_GyroscopeZmfcc_000020": -6485.0, "gen_0271_GyroscopeZmfcc_000021": -5906.0, "gen_0271_GyroscopeZmfcc_000022": -1987.0, "gen_0278_AccelerometerXDomFreq": 1.0, "gen_0279_AccelerometerYDomFreq": 0.5, "gen_0280_AccelerometerZDomFreq": 5.0, "gen_0373_AccelerometerXTotArea": -1.9599999, "gen_0374_AccelerometerYTotArea": -1.9, "gen_0375_AccelerometerZTotArea": -1.99, "gen_0379_AccelerometerXAbsArea": 33.430004, "gen_0380_AccelerometerYAbsArea": 35.18, "gen_0381_AccelerometerZAbsArea": 44.14, "gen_0052_AccelerometerXVariance": 434.39636, "gen_0053_AccelerometerYVariance": 487.7829, "gen_0054_AccelerometerZVariance": 727.2413, "gen_0092_GXGY_cross_median_diff": -3.0, "gen_0093_GXGZ_cross_median_diff": -45.0, "gen_0094_GXAX_cross_median_diff": -73.5, "gen_0095_GXAY_cross_median_diff": -98.5, "gen_0096_GXAZ_cross_median_diff": -8.5, "gen_0097_GYGZ_cross_median_diff": -43.0, "gen_0098_GYAX_cross_median_diff": -75.5, "gen_0099_GYAY_cross_median_diff": -98.5, "gen_0100_GYAZ_cross_median_diff": -8.0, "gen_0101_GZAX_cross_median_diff": -106.5, "gen_0102_GZAY_cross_median_diff": -100.0, "gen_0103_GZAZ_cross_median_diff": -49.5, "gen_0104_AXAY_cross_median_diff": -121.0, "gen_0105_AXAZ_cross_median_diff": -123.0, "gen_0106_AYAZ_cross_median_diff": -28.5, "gen_0158_AccelerometerXKurtosis": -0.99560857, "gen_0159_AccelerometerYKurtosis": -1.0674621, "gen_0160_AccelerometerZKurtosis": -0.5593481, "gen_0167_GyroscopeX25Percentile": -5.0, "gen_0168_GyroscopeY25Percentile": -13.0, "gen_0169_GyroscopeZ25Percentile": -138.5, "gen_0173_GyroscopeX75Percentile": 1.0, "gen_0174_GyroscopeY75Percentile": 0.0, "gen_0175_GyroscopeZ75Percentile": 1.0, "gen_0284_AccelerometerXSpecEntr": 1.2832843, "gen_0285_AccelerometerYSpecEntr": 1.4252688, "gen_0286_AccelerometerZSpecEntr": 2.1226048, "gen_0004_AccelerometerXTotAreaDc": 0.24090908, "gen_0005_AccelerometerYTotAreaDc": 0.06727273, "gen_0006_AccelerometerZTotAreaDc": 0.008181818, "gen_0010_AccelerometerXAbsAreaDc": 7.081818, "gen_0011_AccelerometerYAbsAreaDc": 8.634545, "gen_0012_AccelerometerZAbsAreaDc": 12.321817, "gen_0016_AccelerometerXTotAreaAc": 0.06363636, "gen_0017_AccelerometerYTotAreaAc": 0.03272727, "gen_0018_AccelerometerZTotAreaAc": 0.045454547, "gen_0022_AccelerometerXAbsAreaAc": 30.675453, "gen_0023_AccelerometerYAbsAreaAc": 30.369091, "gen_0024_AccelerometerZAbsAreaAc": 36.62636, "gen_0043_GyroscopeX100Percentile": 5.0, "gen_0044_GyroscopeY100Percentile": 4.0, "gen_0045_GyroscopeZ100Percentile": 4.0, "gen_0113_GyroscopeXZeroCrossings": 0.0, "gen_0114_GyroscopeYZeroCrossings": 0.0, "gen_0115_GyroscopeZZeroCrossings": 0.0, "gen_0236_AccelerometerXMinMaxSum": -275.0, "gen_0237_AccelerometerYMinMaxSum": -1039.0, "gen_0238_AccelerometerZMinMaxSum": -372.0, "gen_0294_GXGY_cross_min_max_diff": -41.0, "gen_0295_GXGZ_cross_min_max_diff": -292.0, "gen_0296_GXAX_cross_min_max_diff": -921.0, "gen_0297_GXAY_cross_min_max_diff": -957.0, "gen_0298_GXAZ_cross_min_max_diff": -532.0, "gen_0299_GYGZ_cross_min_max_diff": -95.0, "gen_0300_GYAX_cross_min_max_diff": -727.0, "gen_0301_GYAY_cross_min_max_diff": -932.0, "gen_0302_GYAZ_cross_min_max_diff": -301.0, "gen_0303_GZAX_cross_min_max_diff": -989.0, "gen_0304_GZAY_cross_min_max_diff": -553.0, "gen_0305_GZAZ_cross_min_max_diff": -496.0, "gen_0306_AXAY_cross_min_max_diff": -1135.0, "gen_0307_AXAZ_cross_min_max_diff": -475.0, "gen_0308_AYAZ_cross_min_max_diff": -648.0, "gen_0055_GyroscopeXMeanDifference": -0.33668342, "gen_0056_GyroscopeYMeanDifference": -0.1557789, "gen_0057_GyroscopeZMeanDifference": -2.1105528, "gen_0209_GyroscopeXMaxP2PGlobalDC": 2.7272727, "gen_0210_GyroscopeYMaxP2PGlobalDC": 1.9090909, "gen_0211_GyroscopeZMaxP2PGlobalDC": 2.4545455, "gen_0215_GyroscopeXMaxP2PGlobalAC": 10.636364, "gen_0216_GyroscopeYMaxP2PGlobalAC": 8.181818, "gen_0217_GyroscopeZMaxP2PGlobalAC": 9.09091, "gen_0028_AccelerometerXAbsAreaSpec": 8663500.0, "gen_0029_AccelerometerYAbsAreaSpec": 9721500.0, "gen_0030_AccelerometerZAbsAreaSpec": 14472200.0, "gen_0031_GyroscopeXPeakFreq_000000": -34.0, "gen_0031_GyroscopeXPeakFreq_000001": -2.5, "gen_0032_GyroscopeYPeakFreq_000000": -3.5, "gen_0032_GyroscopeYPeakFreq_000001": -0.5, "gen_0033_GyroscopeZPeakFreq_000000": 0.0, "gen_0033_GyroscopeZPeakFreq_000001": 0.0, "gen_0221_GyroscopeXMaxP2P1stHalfAC": 9.090909, "gen_0222_GyroscopeYMaxP2P1stHalfAC": 7.636364, "gen_0223_GyroscopeZMaxP2P1stHalfAC": 7.818182, "gen_0272_AccelerometerXmfcc_000000": 232943.0, "gen_0272_AccelerometerXmfcc_000001": -113983.0, "gen_0272_AccelerometerXmfcc_000002": -33572.0, "gen_0272_AccelerometerXmfcc_000003": -115597.0, "gen_0272_AccelerometerXmfcc_000004": -121525.0, "gen_0272_AccelerometerXmfcc_000005": -83339.0, "gen_0272_AccelerometerXmfcc_000006": -73109.0, "gen_0272_AccelerometerXmfcc_000007": -58899.0, "gen_0272_AccelerometerXmfcc_000008": -63537.0, "gen_0272_AccelerometerXmfcc_000009": -51845.0, "gen_0272_AccelerometerXmfcc_000010": -67441.0, "gen_0272_AccelerometerXmfcc_000011": -64680.0, "gen_0272_AccelerometerXmfcc_000012": -81029.0, "gen_0272_AccelerometerXmfcc_000013": -71811.0, "gen_0272_AccelerometerXmfcc_000014": -51475.0, "gen_0272_AccelerometerXmfcc_000015": -40575.0, "gen_0272_AccelerometerXmfcc_000016": -35642.0, "gen_0272_AccelerometerXmfcc_000017": -27621.0, "gen_0272_AccelerometerXmfcc_000018": -17229.0, "gen_0272_AccelerometerXmfcc_000019": -14526.0, "gen_0272_AccelerometerXmfcc_000020": -13286.0, "gen_0272_AccelerometerXmfcc_000021": -8418.0, "gen_0272_AccelerometerXmfcc_000022": -3016.0, "gen_0273_AccelerometerYmfcc_000000": 233156.0, "gen_0273_AccelerometerYmfcc_000001": -109650.0, "gen_0273_AccelerometerYmfcc_000002": -52572.0, "gen_0273_AccelerometerYmfcc_000003": -65543.0, "gen_0273_AccelerometerYmfcc_000004": -78676.0, "gen_0273_AccelerometerYmfcc_000005": -110426.0, "gen_0273_AccelerometerYmfcc_000006": -65594.0, "gen_0273_AccelerometerYmfcc_000007": -53464.0, "gen_0273_AccelerometerYmfcc_000008": -44838.0, "gen_0273_AccelerometerYmfcc_000009": -111801.0, "gen_0273_AccelerometerYmfcc_000010": -78283.0, "gen_0273_AccelerometerYmfcc_000011": -66372.0, "gen_0273_AccelerometerYmfcc_000012": -64172.0, "gen_0273_AccelerometerYmfcc_000013": -44370.0, "gen_0273_AccelerometerYmfcc_000014": -55415.0, "gen_0273_AccelerometerYmfcc_000015": -29788.0, "gen_0273_AccelerometerYmfcc_000016": -26636.0, "gen_0273_AccelerometerYmfcc_000017": -32683.0, "gen_0273_AccelerometerYmfcc_000018": -18799.0, "gen_0273_AccelerometerYmfcc_000019": -11184.0, "gen_0273_AccelerometerYmfcc_000020": -10195.0, "gen_0273_AccelerometerYmfcc_000021": -4698.0, "gen_0273_AccelerometerYmfcc_000022": -1548.0, "gen_0274_AccelerometerZmfcc_000000": 235790.0, "gen_0274_AccelerometerZmfcc_000001": -164973.0, "gen_0274_AccelerometerZmfcc_000002": -61041.0, "gen_0274_AccelerometerZmfcc_000003": -72945.0, "gen_0274_AccelerometerZmfcc_000004": -37820.0, "gen_0274_AccelerometerZmfcc_000005": -61321.0, "gen_0274_AccelerometerZmfcc_000006": -62474.0, "gen_0274_AccelerometerZmfcc_000007": -51229.0, "gen_0274_AccelerometerZmfcc_000008": -46731.0, "gen_0274_AccelerometerZmfcc_000009": -41077.0, "gen_0274_AccelerometerZmfcc_000010": -47683.0, "gen_0274_AccelerometerZmfcc_000011": -60504.0, "gen_0274_AccelerometerZmfcc_000012": -47588.0, "gen_0274_AccelerometerZmfcc_000013": -64913.0, "gen_0274_AccelerometerZmfcc_000014": -36111.0, "gen_0274_AccelerometerZmfcc_000015": -45374.0, "gen_0274_AccelerometerZmfcc_000016": -32671.0, "gen_0274_AccelerometerZmfcc_000017": -27129.0, "gen_0274_AccelerometerZmfcc_000018": -21974.0, "gen_0274_AccelerometerZmfcc_000019": -17383.0, "gen_0274_AccelerometerZmfcc_000020": -11761.0, "gen_0274_AccelerometerZmfcc_000021": -10703.0, "gen_0274_AccelerometerZmfcc_000022": -2201.0, "gen_0061_GXGYGZAXAYAZ_cross_max_col": 4.0, "gen_0170_AccelerometerX25Percentile": -370.75, "gen_0171_AccelerometerY25Percentile": -466.25, "gen_0172_AccelerometerZ25Percentile": -72.5, "gen_0176_AccelerometerX75Percentile": 12.0, "gen_0177_AccelerometerY75Percentile": 12.25, "gen_0178_AccelerometerZ75Percentile": 15.0, "gen_0239_GyroscopeXMeanCrossingRate": 0.37, "gen_0240_GyroscopeYMeanCrossingRate": 0.075, "gen_0241_GyroscopeZMeanCrossingRate": 0.005, "gen_0245_GyroscopeXZeroCrossingRate": 0.315, "gen_0246_GyroscopeYZeroCrossingRate": 0.05, "gen_0247_GyroscopeZZeroCrossingRate": 0.005, "gen_0287_GyroscopeXPowerSpec_000000": 20.142134, "gen_0287_GyroscopeXPowerSpec_000001": 11.656855, "gen_0287_GyroscopeXPowerSpec_000002": 3.0, "gen_0287_GyroscopeXPowerSpec_000003": 2.236068, "gen_0287_GyroscopeXPowerSpec_000004": 1.0, "gen_0287_GyroscopeXPowerSpec_000005": 2.236068, "gen_0287_GyroscopeXPowerSpec_000006": 6.472136, "gen_0287_GyroscopeXPowerSpec_000007": 5.236068, "gen_0287_GyroscopeXPowerSpec_000008": 4.0, "gen_0287_GyroscopeXPowerSpec_000009": 5.0, "gen_0287_GyroscopeXPowerSpec_000010": 1.0, "gen_0287_GyroscopeXPowerSpec_000011": 1.0, "gen_0287_GyroscopeXPowerSpec_000012": 1.0, "gen_0287_GyroscopeXPowerSpec_000013": 3.0, "gen_0287_GyroscopeXPowerSpec_000014": 10.064494, "gen_0287_GyroscopeXPowerSpec_000015": 17.313707, "gen_0288_GyroscopeYPowerSpec_000000": 20.142134, "gen_0288_GyroscopeYPowerSpec_000001": 10.656855, "gen_0288_GyroscopeYPowerSpec_000002": 2.236068, "gen_0288_GyroscopeYPowerSpec_000003": 7.4142137, "gen_0288_GyroscopeYPowerSpec_000004": 3.4142137, "gen_0288_GyroscopeYPowerSpec_000005": 0.0, "gen_0288_GyroscopeYPowerSpec_000006": 5.4142137, "gen_0288_GyroscopeYPowerSpec_000007": 1.0, "gen_0288_GyroscopeYPowerSpec_000008": 1.0, "gen_0288_GyroscopeYPowerSpec_000009": 4.0, "gen_0288_GyroscopeYPowerSpec_000010": 0.0, "gen_0288_GyroscopeYPowerSpec_000011": 3.0, "gen_0288_GyroscopeYPowerSpec_000012": 6.4142137, "gen_0288_GyroscopeYPowerSpec_000013": 1.0, "gen_0288_GyroscopeYPowerSpec_000014": 9.0, "gen_0288_GyroscopeYPowerSpec_000015": 16.899494, "gen_0289_GyroscopeZPowerSpec_000000": 22.792416, "gen_0289_GyroscopeZPowerSpec_000001": 10.2426405, "gen_0289_GyroscopeZPowerSpec_000002": 4.4142137, "gen_0289_GyroscopeZPowerSpec_000003": 5.0, "gen_0289_GyroscopeZPowerSpec_000004": 4.0, "gen_0289_GyroscopeZPowerSpec_000005": 1.0, "gen_0289_GyroscopeZPowerSpec_000006": 5.236068, "gen_0289_GyroscopeZPowerSpec_000007": 7.4721355, "gen_0289_GyroscopeZPowerSpec_000008": 5.0, "gen_0289_GyroscopeZPowerSpec_000009": 4.0, "gen_0289_GyroscopeZPowerSpec_000010": 1.0, "gen_0289_GyroscopeZPowerSpec_000011": 3.0, "gen_0289_GyroscopeZPowerSpec_000012": 5.0, "gen_0289_GyroscopeZPowerSpec_000013": 4.4142137, "gen_0289_GyroscopeZPowerSpec_000014": 10.242641, "gen_0289_GyroscopeZPowerSpec_000015": 17.313707, "gen_0293_GXGYGZAXAYAZ_cross_min_col": 4.0, "gen_0324_GXGYGZAXAYAZ_cross_max_col": 4.0, "gen_0046_AccelerometerX100Percentile": 53.0, "gen_0047_AccelerometerY100Percentile": 53.0, "gen_0048_AccelerometerZ100Percentile": 62.0, "gen_0116_AccelerometerXZeroCrossings": 0.0, "gen_0117_AccelerometerYZeroCrossings": 0.0, "gen_0118_AccelerometerZZeroCrossings": 0.0, "gen_0251_GyroscopeXSigmaCrossingRate": 0.04, "gen_0252_GyroscopeYSigmaCrossingRate": 0.025, "gen_0253_GyroscopeZSigmaCrossingRate": 0.005, "gen_0058_AccelerometerXMeanDifference": -7.2964826, "gen_0059_AccelerometerYMeanDifference": -10.562814, "gen_0060_AccelerometerZMeanDifference": -4.3015075, "gen_0212_AccelerometerXMaxP2PGlobalDC": 23.363636, "gen_0213_AccelerometerYMaxP2PGlobalDC": 27.181818, "gen_0214_AccelerometerZMaxP2PGlobalDC": 34.181816, "gen_0218_AccelerometerXMaxP2PGlobalAC": 117.63636, "gen_0219_AccelerometerYMaxP2PGlobalAC": 102.36363, "gen_0220_AccelerometerZMaxP2PGlobalAC": 128.27272, "gen_0034_AccelerometerXPeakFreq_000000": -53.0, "gen_0034_AccelerometerXPeakFreq_000001": -2.5, "gen_0035_AccelerometerYPeakFreq_000000": -52.0, "gen_0035_AccelerometerYPeakFreq_000001": -0.5, "gen_0036_AccelerometerZPeakFreq_000000": -50.5, "gen_0036_AccelerometerZPeakFreq_000001": -4.0, "gen_0224_AccelerometerXMaxP2P1stHalfAC": 89.90909, "gen_0225_AccelerometerYMaxP2P1stHalfAC": 90.27273, "gen_0226_AccelerometerZMaxP2P1stHalfAC": 109.27273, "gen_0242_AccelerometerXMeanCrossingRate": 0.045, "gen_0243_AccelerometerYMeanCrossingRate": 0.065, "gen_0244_AccelerometerZMeanCrossingRate": 0.42, "gen_0248_AccelerometerXZeroCrossingRate": 0.045, "gen_0249_AccelerometerYZeroCrossingRate": 0.065, "gen_0250_AccelerometerZZeroCrossingRate": 0.41, "gen_0257_GyroscopeX2ndSigmaCrossingRate": 0.0, "gen_0258_GyroscopeY2ndSigmaCrossingRate": 0.0, "gen_0259_GyroscopeZ2ndSigmaCrossingRate": 0.0, "gen_0290_AccelerometerXPowerSpec_000000": 40.809307, "gen_0290_AccelerometerXPowerSpec_000001": 20.607698, "gen_0290_AccelerometerXPowerSpec_000002": 18.326899, "gen_0290_AccelerometerXPowerSpec_000003": 16.071068, "gen_0290_AccelerometerXPowerSpec_000004": 8.414213, "gen_0290_AccelerometerXPowerSpec_000005": 12.122417, "gen_0290_AccelerometerXPowerSpec_000006": 16.398346, "gen_0290_AccelerometerXPowerSpec_000007": 11.828427, "gen_0290_AccelerometerXPowerSpec_000008": 8.414213, "gen_0290_AccelerometerXPowerSpec_000009": 11.0, "gen_0290_AccelerometerXPowerSpec_000010": 7.4142137, "gen_0290_AccelerometerXPowerSpec_000011": 9.414213, "gen_0290_AccelerometerXPowerSpec_000012": 12.828427, "gen_0290_AccelerometerXPowerSpec_000013": 12.064495, "gen_0290_AccelerometerXPowerSpec_000014": 19.957417, "gen_0290_AccelerometerXPowerSpec_000015": 32.544376, "gen_0291_AccelerometerYPowerSpec_000000": 41.445427, "gen_0291_AccelerometerYPowerSpec_000001": 26.81218, "gen_0291_AccelerometerYPowerSpec_000002": 18.478708, "gen_0291_AccelerometerYPowerSpec_000003": 15.307136, "gen_0291_AccelerometerYPowerSpec_000004": 9.472136, "gen_0291_AccelerometerYPowerSpec_000005": 18.416409, "gen_0291_AccelerometerYPowerSpec_000006": 17.772697, "gen_0291_AccelerometerYPowerSpec_000007": 11.886349, "gen_0291_AccelerometerYPowerSpec_000008": 10.650282, "gen_0291_AccelerometerYPowerSpec_000009": 10.414213, "gen_0291_AccelerometerYPowerSpec_000010": 13.828426, "gen_0291_AccelerometerYPowerSpec_000011": 7.0, "gen_0291_AccelerometerYPowerSpec_000012": 14.307135, "gen_0291_AccelerometerYPowerSpec_000013": 15.892921, "gen_0291_AccelerometerYPowerSpec_000014": 24.315903, "gen_0291_AccelerometerYPowerSpec_000015": 31.426828, "gen_0292_AccelerometerZPowerSpec_000000": 45.421482, "gen_0292_AccelerometerZPowerSpec_000001": 26.487474, "gen_0292_AccelerometerZPowerSpec_000002": 20.785845, "gen_0292_AccelerometerZPowerSpec_000003": 21.12899, "gen_0292_AccelerometerZPowerSpec_000004": 13.122417, "gen_0292_AccelerometerZPowerSpec_000005": 20.193483, "gen_0292_AccelerometerZPowerSpec_000006": 13.88635, "gen_0292_AccelerometerZPowerSpec_000007": 19.727968, "gen_0292_AccelerometerZPowerSpec_000008": 13.650281, "gen_0292_AccelerometerZPowerSpec_000009": 7.4142137, "gen_0292_AccelerometerZPowerSpec_000010": 12.064495, "gen_0292_AccelerometerZPowerSpec_000011": 9.650282, "gen_0292_AccelerometerZPowerSpec_000012": 16.307135, "gen_0292_AccelerometerZPowerSpec_000013": 15.714776, "gen_0292_AccelerometerZPowerSpec_000014": 24.665623, "gen_0292_AccelerometerZPowerSpec_000015": 36.350365, "gen_0119_GyroscopeXPositiveZeroCrossings": 0.0, "gen_0120_GyroscopeYPositiveZeroCrossings": 0.0, "gen_0121_GyroscopeZPositiveZeroCrossings": 0.0, "gen_0125_GyroscopeXNegativeZeroCrossings": 0.0, "gen_0126_GyroscopeYNegativeZeroCrossings": 0.0, "gen_0127_GyroscopeZNegativeZeroCrossings": 0.0, "gen_0131_GyroscopeXThresholdCrossingRate": 0.315, "gen_0132_GyroscopeYThresholdCrossingRate": 0.05, "gen_0133_GyroscopeZThresholdCrossingRate": 0.005, "gen_0254_AccelerometerXSigmaCrossingRate": 0.025, "gen_0255_AccelerometerYSigmaCrossingRate": 0.055, "gen_0256_AccelerometerZSigmaCrossingRate": 0.015, "gen_0263_GyroscopeXThresholdCrossingRate": 38.0, "gen_0264_GyroscopeYThresholdCrossingRate": 8.0, "gen_0265_GyroscopeZThresholdCrossingRate": 1.0, "gen_0143_GyroscopeXLinearRegressionR_0002": -0.32584018, "gen_0144_GyroscopeYLinearRegressionR_0002": -0.77929145, "gen_0145_GyroscopeZLinearRegressionR_0002": -0.92339206, "gen_0260_AccelerometerX2ndSigmaCrossingRate": 0.0, "gen_0261_AccelerometerY2ndSigmaCrossingRate": 0.0, "gen_0262_AccelerometerZ2ndSigmaCrossingRate": 0.005, "gen_0122_AccelerometerXPositiveZeroCrossings": 0.0, "gen_0123_AccelerometerYPositiveZeroCrossings": 0.0, "gen_0124_AccelerometerZPositiveZeroCrossings": 0.0, "gen_0128_AccelerometerXNegativeZeroCrossings": 0.0, "gen_0129_AccelerometerYNegativeZeroCrossings": 0.0, "gen_0130_AccelerometerZNegativeZeroCrossings": 0.0, "gen_0134_AccelerometerXThresholdCrossingRate": 0.045, "gen_0135_AccelerometerYThresholdCrossingRate": 0.065, "gen_0136_AccelerometerZThresholdCrossingRate": 0.41, "gen_0266_AccelerometerXThresholdCrossingRate": 5.0, "gen_0267_AccelerometerYThresholdCrossingRate": 7.0, "gen_0268_AccelerometerZThresholdCrossingRate": 42.0, "gen_0355_GXGY_cross_peak_location_difference": -191.0, "gen_0356_GXGZ_cross_peak_location_difference": -196.0, "gen_0357_GXAX_cross_peak_location_difference": -198.0, "gen_0358_GXAY_cross_peak_location_difference": -177.0, "gen_0359_GXAZ_cross_peak_location_difference": -185.0, "gen_0360_GYGZ_cross_peak_location_difference": -157.0, "gen_0361_GYAX_cross_peak_location_difference": -153.0, "gen_0362_GYAY_cross_peak_location_difference": -149.0, "gen_0363_GYAZ_cross_peak_location_difference": -183.0, "gen_0364_GZAX_cross_peak_location_difference": -198.0, "gen_0365_GZAY_cross_peak_location_difference": -147.0, "gen_0366_GZAZ_cross_peak_location_difference": -180.0, "gen_0367_AXAY_cross_peak_location_difference": -121.0, "gen_0368_AXAZ_cross_peak_location_difference": -186.0, "gen_0369_AYAZ_cross_peak_location_difference": -187.0, "gen_0143_GyroscopeXLinearRegressionSlope_0000": -0.03107103, "gen_0144_GyroscopeYLinearRegressionSlope_0000": -0.18569411, "gen_0145_GyroscopeZLinearRegressionSlope_0000": -2.3974745, "gen_0146_AccelerometerXLinearRegressionR_0002": -0.6995795, "gen_0147_AccelerometerYLinearRegressionR_0002": -0.86014885, "gen_0148_AccelerometerZLinearRegressionR_0002": -0.14521345, "gen_0143_GyroscopeXLinearRegressionStdErr_0003": 0.0025387022, "gen_0144_GyroscopeYLinearRegressionStdErr_0003": 0.0021454466, "gen_0145_GyroscopeZLinearRegressionStdErr_0003": 0.0022197017, "gen_0143_GyroscopeXLinearRegressionIntercept_0001": -3.5562687, "gen_0144_GyroscopeYLinearRegressionIntercept_0001": -15.407461, "gen_0145_GyroscopeZLinearRegressionIntercept_0001": -223.57657, "gen_0146_AccelerometerXLinearRegressionSlope_0000": -6.0592723, "gen_0147_AccelerometerYLinearRegressionSlope_0000": -7.5525413, "gen_0148_AccelerometerZLinearRegressionSlope_0000": -0.3059424, "gen_0146_AccelerometerXLinearRegressionStdErr_0003": 0.02558272, "gen_0147_AccelerometerYLinearRegressionStdErr_0003": 0.027033104, "gen_0148_AccelerometerZLinearRegressionStdErr_0003": 0.03281699, "gen_0146_AccelerometerXLinearRegressionIntercept_0001": -589.26556, "gen_0147_AccelerometerYLinearRegressionIntercept_0001": -559.5509, "gen_0148_AccelerometerZLinearRegressionIntercept_0001": -39.534927}}}, "outputs": ["temp.Min_Max_Scale0", "temp.features.Min_Max_Scale0"], "feature_table": "temp.features.generator_set0"}], "sensors_columns": ["AccelerometerX", "AccelerometerY", "AccelerometerZ", "GyroscopeX", "GyroscopeY", "GyroscopeZ"], "uuid": "5015d539-298e-4531-bffb-205b2dfb2bc3"}]}